session_id,session_type,full_genotype,ecephys_structure_acronyms,psd good
715093703,brain_observatory_1.1,Sst-IRES-Cre/wt;Ai32(RCL-ChR2(H134R)_EYFP)/wt,VISp,False
719161530,brain_observatory_1.1,Sst-IRES-Cre/wt;Ai32(RCL-ChR2(H134R)_EYFP)/wt,VISp,True
721123822,brain_observatory_1.1,Pvalb-IRES-Cre/wt;Ai32(RCL-ChR2(H134R)_EYFP)/wt,VISp,True
732592105,brain_observatory_1.1,wt/wt,VISp,True
737581020,brain_observatory_1.1,wt/wt,VISp,True
739448407,brain_observatory_1.1,wt/wt,VISp,False
742951821,brain_observatory_1.1,wt/wt,VISp,True
743475441,brain_observatory_1.1,wt/wt,VISp,False
744228101,brain_observatory_1.1,wt/wt,VISp,True
746083955,brain_observatory_1.1,Pvalb-IRES-Cre/wt;Ai32(RCL-ChR2(H134R)_EYFP)/wt,VISp,True
750332458,brain_observatory_1.1,wt/wt,VISp,True
750749662,brain_observatory_1.1,wt/wt,VISp,True
751348571,brain_observatory_1.1,Vip-IRES-Cre/wt;Ai32(RCL-ChR2(H134R)_EYFP)/wt,VISp,True
754312389,brain_observatory_1.1,wt/wt,VISp,False
754829445,brain_observatory_1.1,wt/wt,VISp,False
755434585,brain_observatory_1.1,Vip-IRES-Cre/wt;Ai32(RCL-ChR2(H134R)_EYFP)/wt,VISp,True
756029989,brain_observatory_1.1,Sst-IRES-Cre/wt;Ai32(RCL-ChR2(H134R)_EYFP)/wt,VISp,True
757216464,brain_observatory_1.1,wt/wt,VISp,True
757970808,brain_observatory_1.1,wt/wt,VISp,False
758798717,brain_observatory_1.1,Sst-IRES-Cre/wt;Ai32(RCL-ChR2(H134R)_EYFP)/wt,VISp,False
759883607,brain_observatory_1.1,wt/wt,VISp,True
760345702,brain_observatory_1.1,Pvalb-IRES-Cre/wt;Ai32(RCL-ChR2(H134R)_EYFP)/wt,VISp,False
760693773,brain_observatory_1.1,Sst-IRES-Cre/wt;Ai32(RCL-ChR2(H134R)_EYFP)/wt,VISp,False
761418226,brain_observatory_1.1,wt/wt,VISp,False
762120172,brain_observatory_1.1,Vip-IRES-Cre/wt;Ai32(RCL-ChR2(H134R)_EYFP)/wt,VISp,False
762602078,brain_observatory_1.1,Sst-IRES-Cre/wt;Ai32(RCL-ChR2(H134R)_EYFP)/wt,VISp,False
763673393,brain_observatory_1.1,wt/wt,VISp,True
766640955,functional_connectivity,wt/wt,VISp,True
767871931,functional_connectivity,wt/wt,VISp,True
768515987,functional_connectivity,wt/wt,VISp,True
771160300,functional_connectivity,wt/wt,VISp,True
771990200,functional_connectivity,wt/wt,VISp,True
773418906,brain_observatory_1.1,Pvalb-IRES-Cre/wt;Ai32(RCL-ChR2(H134R)_EYFP)/wt,VISp,True
774875821,functional_connectivity,wt/wt,VISp,True
778240327,functional_connectivity,wt/wt,VISp,True
778998620,functional_connectivity,wt/wt,VISp,True
779839471,functional_connectivity,wt/wt,VISp,True
781842082,functional_connectivity,wt/wt,VISp,True
786091066,functional_connectivity,Sst-IRES-Cre/wt;Ai32(RCL-ChR2(H134R)_EYFP)/wt,VISp,True
787025148,functional_connectivity,Sst-IRES-Cre/wt;Ai32(RCL-ChR2(H134R)_EYFP)/wt,VISp,True
789848216,functional_connectivity,Sst-IRES-Cre/wt;Ai32(RCL-ChR2(H134R)_EYFP)/wt,VISp,True
791319847,brain_observatory_1.1,Vip-IRES-Cre/wt;Ai32(RCL-ChR2(H134R)_EYFP)/wt,VISp,True
793224716,functional_connectivity,wt/wt,VISp,True
794812542,functional_connectivity,Sst-IRES-Cre/wt;Ai32(RCL-ChR2(H134R)_EYFP)/wt,VISp,True
797828357,brain_observatory_1.1,Pvalb-IRES-Cre/wt;Ai32(RCL-ChR2(H134R)_EYFP)/wt,VISp,False
798911424,brain_observatory_1.1,Vip-IRES-Cre/wt;Ai32(RCL-ChR2(H134R)_EYFP)/wt,VISp,True
799864342,brain_observatory_1.1,wt/wt,VISp,False
816200189,functional_connectivity,Vip-IRES-Cre/wt;Ai32(RCL-ChR2(H134R)_EYFP)/wt,VISp,True
821695405,functional_connectivity,wt/wt,VISp,True
829720705,functional_connectivity,Pvalb-IRES-Cre/wt;Ai32(RCL-ChR2(H134R)_EYFP)/wt,VISp,True
831882777,functional_connectivity,Sst-IRES-Cre/wt;Ai32(RCL-ChR2(H134R)_EYFP)/wt,VISp,True
835479236,functional_connectivity,Vip-IRES-Cre/wt;Ai32(RCL-ChR2(H134R)_EYFP)/wt,VISp,True
839068429,functional_connectivity,Sst-IRES-Cre/wt;Ai32(RCL-ChR2(H134R)_EYFP)/wt,VISp,True
839557629,functional_connectivity,Pvalb-IRES-Cre/wt;Ai32(RCL-ChR2(H134R)_EYFP)/wt,VISp,True
840012044,functional_connectivity,Pvalb-IRES-Cre/wt;Ai32(RCL-ChR2(H134R)_EYFP)/wt,VISp,True
847657808,functional_connectivity,wt/wt,VISp,True
